time,filename,prediction,target,avg_brightness,contrast,sharpness
2026-01-22T18:58:43.580023+00:00,data/raw/Testing/glioma/Te-glTr_0000.jpg,0,glioma,30.513633728027344,39.60272328390853,18.489696502685547
2026-01-22T18:58:43.698460+00:00,data/raw/Testing/glioma/Te-glTr_0001.jpg,0,glioma,23.499610900878906,31.120605891509513,13.703632354736328
2026-01-22T18:58:43.800921+00:00,data/raw/Testing/glioma/Te-glTr_0002.jpg,0,glioma,17.35907745361328,25.48790125130493,8.406513214111328
2026-01-22T18:58:43.902563+00:00,data/raw/Testing/glioma/Te-glTr_0003.jpg,0,glioma,31.820053100585938,44.95160546177333,20.228675842285156
2026-01-22T18:58:44.030594+00:00,data/raw/Testing/glioma/Te-glTr_0004.jpg,0,glioma,25.00251007080078,32.71761545793421,13.871219635009766
2026-01-22T18:58:44.128542+00:00,data/raw/Testing/glioma/Te-glTr_0005.jpg,0,glioma,29.605606079101562,43.98591754280703,12.0640869140625
2026-01-22T18:58:44.309699+00:00,data/raw/Testing/glioma/Te-glTr_0006.jpg,0,glioma,27.0,38.733195641995685,17.064014434814453
2026-01-22T18:58:44.407877+00:00,data/raw/Testing/glioma/Te-glTr_0007.jpg,0,glioma,27.977981567382812,37.21623660473584,16.076744079589844
2026-01-22T18:58:44.502375+00:00,data/raw/Testing/glioma/Te-glTr_0008.jpg,0,glioma,27.099773406982422,34.221744071315825,15.612071990966797
2026-01-22T18:58:44.602137+00:00,data/raw/Testing/glioma/Te-glTr_0009.jpg,0,glioma,27.717578887939453,34.98392498634171,16.02544403076172
2026-01-22T18:58:44.700199+00:00,data/raw/Testing/glioma/Te-gl_0010.jpg,0,glioma,27.892921447753906,37.68740193393979,16.376338958740234
2026-01-22T18:58:44.801824+00:00,data/raw/Testing/glioma/Te-gl_0011.jpg,0,glioma,28.20046615600586,40.853799638241426,19.464664459228516
2026-01-22T18:58:44.897475+00:00,data/raw/Testing/glioma/Te-gl_0012.jpg,0,glioma,15.267932891845703,21.02113189109476,11.415519714355469
2026-01-22T18:58:44.995002+00:00,data/raw/Testing/glioma/Te-gl_0013.jpg,0,glioma,22.092384338378906,36.241375792332086,13.177486419677734
2026-01-22T18:58:45.089657+00:00,data/raw/Testing/glioma/Te-gl_0014.jpg,0,glioma,20.21051788330078,32.04897115785408,12.882415771484375
2026-01-22T18:58:45.185380+00:00,data/raw/Testing/glioma/Te-gl_0015.jpg,0,glioma,30.126144409179688,38.52175212820036,17.49014663696289
2026-01-22T18:58:45.282223+00:00,data/raw/Testing/glioma/Te-gl_0016.jpg,0,glioma,26.648303985595703,35.304319065938586,13.26815414428711
2026-01-22T18:58:45.375562+00:00,data/raw/Testing/glioma/Te-gl_0017.jpg,0,glioma,21.979999542236328,35.39281401342739,11.077507019042969
2026-01-22T18:58:45.464355+00:00,data/raw/Testing/glioma/Te-gl_0018.jpg,0,glioma,28.939128875732422,36.45037057944457,12.19308853149414
2026-01-22T18:58:45.551140+00:00,data/raw/Testing/glioma/Te-gl_0019.jpg,0,glioma,27.361454010009766,39.22339715779985,16.27138900756836
2026-01-22T18:58:45.650462+00:00,data/raw/Testing/glioma/Te-gl_0020.jpg,0,glioma,28.20279312133789,36.6386099939671,16.927356719970703
2026-01-22T18:58:45.746808+00:00,data/raw/Testing/glioma/Te-gl_0021.jpg,0,glioma,25.845565795898438,34.64447850114293,14.752178192138672
2026-01-22T18:58:45.847216+00:00,data/raw/Testing/glioma/Te-gl_0022.jpg,0,glioma,27.24454116821289,37.3870140688643,14.588600158691406
2026-01-22T18:58:45.941103+00:00,data/raw/Testing/glioma/Te-gl_0023.jpg,1,glioma,28.28390121459961,40.98216511965343,12.723201751708984
2026-01-22T18:58:46.036288+00:00,data/raw/Testing/glioma/Te-gl_0024.jpg,0,glioma,27.914836883544922,39.355118530032186,19.722206115722656
2026-01-22T18:58:46.130210+00:00,data/raw/Testing/glioma/Te-gl_0025.jpg,0,glioma,26.131515502929688,36.881914938548206,12.351215362548828
2026-01-22T18:58:46.224535+00:00,data/raw/Testing/glioma/Te-gl_0026.jpg,0,glioma,28.22545623779297,36.59642904222426,17.401470184326172
2026-01-22T18:58:46.317660+00:00,data/raw/Testing/glioma/Te-gl_0027.jpg,0,glioma,23.243350982666016,32.06573998874116,11.650924682617188
2026-01-22T18:58:46.412085+00:00,data/raw/Testing/glioma/Te-gl_0028.jpg,1,glioma,23.31060791015625,33.29247496878893,13.864612579345703
2026-01-22T18:58:46.507653+00:00,data/raw/Testing/glioma/Te-gl_0029.jpg,0,glioma,27.914836883544922,39.355118530032186,19.722206115722656
2026-01-22T18:58:46.605708+00:00,data/raw/Testing/glioma/Te-gl_0030.jpg,0,glioma,32.53548812866211,48.558248713473795,12.17037582397461
2026-01-22T18:58:46.710206+00:00,data/raw/Testing/glioma/Te-gl_0031.jpg,0,glioma,24.99059295654297,37.21668268041998,15.004009246826172
2026-01-22T18:58:46.810586+00:00,data/raw/Testing/glioma/Te-gl_0032.jpg,0,glioma,22.248390197753906,33.79518529247511,13.400314331054688
2026-01-22T18:58:46.923592+00:00,data/raw/Testing/glioma/Te-gl_0033.jpg,0,glioma,21.628665924072266,30.76755737169446,12.694168090820312
2026-01-22T18:58:47.019515+00:00,data/raw/Testing/glioma/Te-gl_0034.jpg,0,glioma,22.55953598022461,32.97423037552464,12.24062728881836
2026-01-22T18:58:47.113603+00:00,data/raw/Testing/glioma/Te-gl_0035.jpg,0,glioma,25.692161560058594,34.38301953093589,12.253456115722656
2026-01-22T18:58:47.210329+00:00,data/raw/Testing/glioma/Te-gl_0036.jpg,0,glioma,43.04325866699219,44.62933787771293,23.780380249023438
2026-01-22T18:58:47.304755+00:00,data/raw/Testing/glioma/Te-gl_0037.jpg,0,glioma,33.535560607910156,37.49225081188394,19.342845916748047
2026-01-22T18:58:47.399072+00:00,data/raw/Testing/glioma/Te-gl_0038.jpg,0,glioma,41.034645080566406,43.94388415011096,21.40780258178711
2026-01-22T18:58:47.487912+00:00,data/raw/Testing/glioma/Te-gl_0039.jpg,0,glioma,35.0638542175293,43.351033304443575,20.062854766845703
2026-01-22T18:58:47.576559+00:00,data/raw/Testing/glioma/Te-gl_0040.jpg,0,glioma,31.882869720458984,37.66190819310548,16.76980972290039
2026-01-22T18:58:47.665574+00:00,data/raw/Testing/glioma/Te-gl_0041.jpg,0,glioma,29.768596649169922,37.37234364342256,15.817962646484375
2026-01-22T18:58:47.763169+00:00,data/raw/Testing/glioma/Te-gl_0042.jpg,0,glioma,39.71958541870117,45.79391689650889,18.539875030517578
2026-01-22T18:58:47.862448+00:00,data/raw/Testing/glioma/Te-gl_0043.jpg,0,glioma,26.179428100585938,46.43791518588666,9.432693481445312
2026-01-22T18:58:47.963836+00:00,data/raw/Testing/glioma/Te-gl_0044.jpg,0,glioma,40.53122329711914,46.299623846141486,18.570354461669922
2026-01-22T18:58:48.060626+00:00,data/raw/Testing/glioma/Te-gl_0045.jpg,0,glioma,41.0195198059082,45.94567470832486,19.849384307861328
2026-01-22T18:58:48.156366+00:00,data/raw/Testing/glioma/Te-gl_0046.jpg,0,glioma,38.927406311035156,45.96391102011143,18.865882873535156
2026-01-22T18:58:48.251417+00:00,data/raw/Testing/glioma/Te-gl_0047.jpg,0,glioma,41.28451156616211,43.00433253590742,19.062652587890625
2026-01-22T18:58:48.345955+00:00,data/raw/Testing/glioma/Te-gl_0048.jpg,0,glioma,42.84247589111328,46.671014704892784,18.993667602539062
2026-01-22T18:58:48.485528+00:00,data/raw/Testing/glioma/Te-gl_0049.jpg,0,glioma,23.939716339111328,32.938060333715256,12.577381134033203
2026-01-22T18:58:48.596343+00:00,data/raw/Testing/glioma/Te-gl_0050.jpg,0,glioma,30.97283172607422,46.446546225678304,19.587615966796875
2026-01-22T18:58:48.706688+00:00,data/raw/Testing/glioma/Te-gl_0051.jpg,0,glioma,25.60395050048828,38.343707984154484,14.928974151611328
2026-01-22T18:58:48.816870+00:00,data/raw/Testing/glioma/Te-gl_0052.jpg,0,glioma,23.036975860595703,32.62213581669675,10.712902069091797
2026-01-22T18:58:48.926855+00:00,data/raw/Testing/glioma/Te-gl_0053.jpg,0,glioma,26.61166000366211,32.57967362270441,14.383171081542969
2026-01-22T18:58:49.038652+00:00,data/raw/Testing/glioma/Te-gl_0054.jpg,0,glioma,25.823528289794922,32.976266779204416,13.890888214111328
2026-01-22T18:58:49.160954+00:00,data/raw/Testing/glioma/Te-gl_0055.jpg,0,glioma,23.2777099609375,31.264132468121304,11.120418548583984
2026-01-22T18:58:49.291952+00:00,data/raw/Testing/glioma/Te-gl_0056.jpg,0,glioma,33.33795166015625,35.19430916183767,18.099830627441406
2026-01-22T18:58:49.402302+00:00,data/raw/Testing/glioma/Te-gl_0057.jpg,0,glioma,31.674663543701172,36.03414721022928,17.928882598876953
2026-01-22T18:58:49.497560+00:00,data/raw/Testing/glioma/Te-gl_0058.jpg,0,glioma,38.0108757019043,41.273048758332976,18.945106506347656
2026-01-22T18:58:49.587840+00:00,data/raw/Testing/glioma/Te-gl_0059.jpg,0,glioma,37.595802307128906,41.10104878615928,20.329021453857422
2026-01-22T18:58:49.675721+00:00,data/raw/Testing/glioma/Te-gl_0060.jpg,0,glioma,33.922210693359375,35.482102501580414,17.352210998535156
2026-01-22T18:58:49.769570+00:00,data/raw/Testing/glioma/Te-gl_0061.jpg,0,glioma,33.000953674316406,40.44869230637232,19.16778564453125
2026-01-22T18:58:49.863720+00:00,data/raw/Testing/glioma/Te-gl_0062.jpg,0,glioma,32.26911163330078,34.99261468901741,16.766551971435547
2026-01-22T18:58:49.962807+00:00,data/raw/Testing/glioma/Te-gl_0063.jpg,0,glioma,31.945716857910156,38.91185657232173,18.334819793701172
2026-01-22T18:58:50.073065+00:00,data/raw/Testing/glioma/Te-gl_0064.jpg,0,glioma,32.529361724853516,33.499085826801284,16.666015625
2026-01-22T18:58:50.198656+00:00,data/raw/Testing/glioma/Te-gl_0065.jpg,0,glioma,32.732383728027344,35.880044809611995,17.571453094482422
2026-01-22T18:58:50.336149+00:00,data/raw/Testing/glioma/Te-gl_0066.jpg,0,glioma,32.391029357910156,37.20873966430465,15.855365753173828
2026-01-22T18:58:50.461257+00:00,data/raw/Testing/glioma/Te-gl_0067.jpg,0,glioma,37.811180114746094,40.661195179200405,18.370460510253906
2026-01-22T18:58:50.584220+00:00,data/raw/Testing/glioma/Te-gl_0068.jpg,0,glioma,35.25729751586914,44.745310640613475,17.619709014892578
2026-01-22T18:58:50.697619+00:00,data/raw/Testing/glioma/Te-gl_0069.jpg,0,glioma,35.280494689941406,37.85665757729051,21.346172332763672
2026-01-22T18:58:50.812826+00:00,data/raw/Testing/glioma/Te-gl_0070.jpg,0,glioma,29.68515396118164,36.892585475827325,16.840007781982422
2026-01-22T18:58:50.919355+00:00,data/raw/Testing/glioma/Te-gl_0071.jpg,0,glioma,34.67033004760742,42.028596343293216,18.96087646484375
2026-01-22T18:58:51.027819+00:00,data/raw/Testing/glioma/Te-gl_0072.jpg,0,glioma,24.989288330078125,32.36859880131844,9.511917114257812
2026-01-22T18:58:51.133458+00:00,data/raw/Testing/glioma/Te-gl_0073.jpg,0,glioma,21.16143798828125,28.71692366540588,13.934322357177734
2026-01-22T18:58:51.228140+00:00,data/raw/Testing/glioma/Te-gl_0074.jpg,0,glioma,25.29611587524414,32.87053293288675,14.535755157470703
2026-01-22T18:58:51.322605+00:00,data/raw/Testing/glioma/Te-gl_0075.jpg,0,glioma,24.560256958007812,31.62857241637749,12.541152954101562
2026-01-22T18:58:51.541858+00:00,data/raw/Testing/glioma/Te-gl_0076.jpg,0,glioma,23.904796600341797,31.119083991847326,12.627513885498047
2026-01-22T18:58:51.754544+00:00,data/raw/Testing/glioma/Te-gl_0077.jpg,0,glioma,28.07508087158203,42.62173701164778,13.421001434326172
2026-01-22T18:58:51.883708+00:00,data/raw/Testing/glioma/Te-gl_0078.jpg,0,glioma,21.332462310791016,26.87389168603377,13.142997741699219
2026-01-22T18:58:51.992168+00:00,data/raw/Testing/glioma/Te-gl_0079.jpg,0,glioma,29.160823822021484,35.54049934391089,16.664363861083984
2026-01-22T18:58:52.119467+00:00,data/raw/Testing/glioma/Te-gl_0080.jpg,0,glioma,22.874195098876953,28.81553836318698,12.794288635253906
2026-01-22T18:58:52.260269+00:00,data/raw/Testing/glioma/Te-gl_0081.jpg,0,glioma,30.2431640625,43.4661516829468,18.266834259033203
2026-01-22T18:58:52.374032+00:00,data/raw/Testing/glioma/Te-gl_0082.jpg,0,glioma,25.83032989501953,36.74978821430402,12.30306625366211
2026-01-22T18:58:52.500195+00:00,data/raw/Testing/glioma/Te-gl_0083.jpg,0,glioma,27.588401794433594,39.23459353863975,19.67025375366211
2026-01-22T18:58:52.628718+00:00,data/raw/Testing/glioma/Te-gl_0084.jpg,0,glioma,28.476795196533203,39.9260486235848,18.144474029541016
2026-01-22T18:58:52.735542+00:00,data/raw/Testing/glioma/Te-gl_0085.jpg,0,glioma,26.024829864501953,31.728493405560037,14.993938446044922
2026-01-22T18:58:52.835390+00:00,data/raw/Testing/glioma/Te-gl_0086.jpg,0,glioma,23.164958953857422,28.11152873449554,12.319480895996094
2026-01-22T18:58:52.932987+00:00,data/raw/Testing/glioma/Te-gl_0087.jpg,0,glioma,20.225894927978516,30.899663930753608,9.54443359375
2026-01-22T18:58:53.030641+00:00,data/raw/Testing/glioma/Te-gl_0088.jpg,0,glioma,19.689254760742188,31.93837840999827,8.934314727783203
2026-01-22T18:58:53.135213+00:00,data/raw/Testing/glioma/Te-gl_0089.jpg,0,glioma,31.46393585205078,44.85721063602499,20.197921752929688
2026-01-22T18:58:53.248580+00:00,data/raw/Testing/glioma/Te-gl_0090.jpg,0,glioma,26.629737854003906,38.63214270540304,17.000343322753906
2026-01-22T18:58:53.348928+00:00,data/raw/Testing/glioma/Te-gl_0091.jpg,0,glioma,27.956348419189453,41.82518004670917,19.102703094482422
2026-01-22T18:58:53.446378+00:00,data/raw/Testing/glioma/Te-gl_0092.jpg,0,glioma,27.55133819580078,37.58402041134989,16.308258056640625
2026-01-22T18:58:53.544264+00:00,data/raw/Testing/glioma/Te-gl_0093.jpg,0,glioma,24.945171356201172,33.27283496464814,15.608985900878906
2026-01-22T18:58:53.639674+00:00,data/raw/Testing/glioma/Te-gl_0094.jpg,0,glioma,32.56707000732422,40.92182945200019,16.829177856445312
2026-01-22T18:58:53.733687+00:00,data/raw/Testing/glioma/Te-gl_0095.jpg,0,glioma,21.530799865722656,30.751441445526524,13.205188751220703
2026-01-22T18:58:53.825525+00:00,data/raw/Testing/glioma/Te-gl_0096.jpg,0,glioma,28.643993377685547,38.58588780590613,16.89486312866211
2026-01-22T18:58:53.913038+00:00,data/raw/Testing/glioma/Te-gl_0097.jpg,0,glioma,21.710308074951172,36.17501976922265,13.136966705322266
2026-01-22T18:58:54.000094+00:00,data/raw/Testing/glioma/Te-gl_0098.jpg,0,glioma,26.169822692871094,35.6238269188927,13.799884796142578
2026-01-22T18:58:54.094072+00:00,data/raw/Testing/glioma/Te-gl_0099.jpg,0,glioma,28.270828247070312,38.28360465283913,18.055030822753906
2026-01-22T18:58:54.224604+00:00,data/raw/Testing/meningioma/Te-meTr_0000.jpg,1,meningioma,71.84860202746893,72.5309185814529,34.617347717285156
2026-01-22T18:58:54.327332+00:00,data/raw/Testing/meningioma/Te-meTr_0001.jpg,1,meningioma,73.84580286188671,53.307132865095866,45.238555908203125
2026-01-22T18:58:54.465101+00:00,data/raw/Testing/meningioma/Te-meTr_0002.jpg,1,meningioma,90.38882273557196,57.233097198729425,48.02058029174805
2026-01-22T18:58:54.609922+00:00,data/raw/Testing/meningioma/Te-meTr_0003.jpg,1,meningioma,70.95826367327442,47.99631481631726,42.109283447265625
2026-01-22T18:58:54.751344+00:00,data/raw/Testing/meningioma/Te-meTr_0004.jpg,1,meningioma,87.77887524122464,77.31737197199035,27.620861053466797
2026-01-22T18:58:54.848676+00:00,data/raw/Testing/meningioma/Te-meTr_0005.jpg,1,meningioma,70.53706444119419,83.56415279081986,44.61149597167969
2026-01-22T18:58:54.944093+00:00,data/raw/Testing/meningioma/Te-meTr_0006.jpg,1,meningioma,93.82546930492136,75.99078036404725,69.4511947631836
2026-01-22T18:58:55.049196+00:00,data/raw/Testing/meningioma/Te-meTr_0007.jpg,0,meningioma,72.55882571626846,42.01267835651136,43.02610778808594
2026-01-22T18:58:55.179819+00:00,data/raw/Testing/meningioma/Te-meTr_0008.jpg,1,meningioma,92.47730728740204,70.05647576197576,43.59199905395508
2026-01-22T18:58:55.329937+00:00,data/raw/Testing/meningioma/Te-meTr_0009.jpg,1,meningioma,87.81815410000718,76.74098384024008,17.12285614013672
2026-01-22T18:58:55.482330+00:00,data/raw/Testing/meningioma/Te-me_0010.jpg,1,meningioma,75.41096703296704,63.27047682739515,28.12921905517578
2026-01-22T18:58:55.582033+00:00,data/raw/Testing/meningioma/Te-me_0011.jpg,1,meningioma,31.669910313901344,38.43091070091071,51.35773468017578
2026-01-22T18:58:55.678908+00:00,data/raw/Testing/meningioma/Te-me_0012.jpg,1,meningioma,118.15422254299374,61.06797080346855,28.180030822753906
2026-01-22T18:58:55.774229+00:00,data/raw/Testing/meningioma/Te-me_0013.jpg,1,meningioma,63.02588857557075,50.81310328752442,36.06646728515625
2026-01-22T18:58:55.890759+00:00,data/raw/Testing/meningioma/Te-me_0014.jpg,1,meningioma,99.463197704747,87.73305375529843,33.75819396972656
2026-01-22T18:58:55.989240+00:00,data/raw/Testing/meningioma/Te-me_0015.jpg,1,meningioma,85.89628180677131,90.85294949837257,36.80301284790039
2026-01-22T18:58:56.111597+00:00,data/raw/Testing/meningioma/Te-me_0016.jpg,1,meningioma,86.58933984335266,77.64818592484923,44.222572326660156
2026-01-22T18:58:56.259599+00:00,data/raw/Testing/meningioma/Te-me_0017.jpg,1,meningioma,87.7669972666927,76.75696408519262,24.413408279418945
2026-01-22T18:58:56.408634+00:00,data/raw/Testing/meningioma/Te-me_0018.jpg,1,meningioma,85.85892541593039,60.98559539252341,24.47437286376953
2026-01-22T18:58:56.525950+00:00,data/raw/Testing/meningioma/Te-me_0019.jpg,1,meningioma,50.55133333333333,53.52629966841755,49.102928161621094
2026-01-22T18:58:56.624709+00:00,data/raw/Testing/meningioma/Te-me_0020.jpg,1,meningioma,91.47214746465035,70.85253099117487,52.29451370239258
2026-01-22T18:58:56.723641+00:00,data/raw/Testing/meningioma/Te-me_0021.jpg,1,meningioma,80.43756323168088,52.01192173437438,31.150484085083008
2026-01-22T18:58:56.842547+00:00,data/raw/Testing/meningioma/Te-me_0022.jpg,1,meningioma,109.16538082534188,62.62023395779283,65.30857849121094
2026-01-22T18:58:57.057533+00:00,data/raw/Testing/meningioma/Te-me_0023.jpg,1,meningioma,92.40004042854255,59.9995578448635,39.680694580078125
2026-01-22T18:58:57.166114+00:00,data/raw/Testing/meningioma/Te-me_0024.jpg,1,meningioma,72.47622424856468,64.29658087951002,47.446876525878906
2026-01-22T18:58:57.268301+00:00,data/raw/Testing/meningioma/Te-me_0025.jpg,1,meningioma,81.04013431403901,50.87052832054272,32.84915542602539
2026-01-22T18:58:57.364008+00:00,data/raw/Testing/meningioma/Te-me_0026.jpg,1,meningioma,65.10290763596554,52.41955703997065,15.098535537719727
2026-01-22T18:58:57.474738+00:00,data/raw/Testing/meningioma/Te-me_0027.jpg,1,meningioma,59.07467299725364,53.897672346518426,26.125131607055664
2026-01-22T18:58:57.571229+00:00,data/raw/Testing/meningioma/Te-me_0028.jpg,1,meningioma,62.938919226840575,56.491193313676256,30.947669982910156
2026-01-22T18:58:57.667342+00:00,data/raw/Testing/meningioma/Te-me_0029.jpg,1,meningioma,50.81580617858654,60.50324455763423,36.482425689697266
2026-01-22T18:58:57.765496+00:00,data/raw/Testing/meningioma/Te-me_0030.jpg,1,meningioma,55.00072031012625,61.494318812980595,41.85363006591797
2026-01-22T18:58:57.861784+00:00,data/raw/Testing/meningioma/Te-me_0031.jpg,1,meningioma,75.41096703296704,63.27047682739515,28.12921905517578
2026-01-22T18:58:57.959137+00:00,data/raw/Testing/meningioma/Te-me_0032.jpg,1,meningioma,52.74888413423149,76.12909033702148,30.36772918701172
2026-01-22T18:58:58.057845+00:00,data/raw/Testing/meningioma/Te-me_0033.jpg,1,meningioma,48.662291962621694,64.41793556142619,22.463363647460938
2026-01-22T18:58:58.148650+00:00,data/raw/Testing/meningioma/Te-me_0034.jpg,1,meningioma,65.5251534624976,82.55583800587344,41.40857696533203
2026-01-22T18:58:58.236052+00:00,data/raw/Testing/meningioma/Te-me_0035.jpg,1,meningioma,73.62826860841425,82.6992877112058,40.90808868408203
2026-01-22T18:58:58.333715+00:00,data/raw/Testing/meningioma/Te-me_0036.jpg,1,meningioma,90.59580215722475,77.9426073074248,47.408164978027344
2026-01-22T18:58:58.435883+00:00,data/raw/Testing/meningioma/Te-me_0037.jpg,1,meningioma,33.07736434108527,39.029502314716225,26.809303283691406
2026-01-22T18:58:58.591698+00:00,data/raw/Testing/meningioma/Te-me_0038.jpg,1,meningioma,93.3169147176943,69.87178254123263,44.072288513183594
2026-01-22T18:58:58.719647+00:00,data/raw/Testing/meningioma/Te-me_0039.jpg,1,meningioma,95.22033771667662,75.47531354408618,81.62212371826172
2026-01-22T18:58:58.825338+00:00,data/raw/Testing/meningioma/Te-me_0040.jpg,1,meningioma,61.248954429417196,60.94921318266259,27.999303817749023
2026-01-22T18:58:58.922960+00:00,data/raw/Testing/meningioma/Te-me_0041.jpg,1,meningioma,85.82923976608187,77.74769315635083,43.806724548339844
2026-01-22T18:58:59.018062+00:00,data/raw/Testing/meningioma/Te-me_0042.jpg,1,meningioma,86.85979802171958,67.14466975620216,40.842529296875
2026-01-22T18:58:59.111945+00:00,data/raw/Testing/meningioma/Te-me_0043.jpg,1,meningioma,83.55417478091529,66.33665924389273,38.820556640625
2026-01-22T18:58:59.205999+00:00,data/raw/Testing/meningioma/Te-me_0044.jpg,1,meningioma,54.5565185546875,57.701843350651565,53.854034423828125
2026-01-22T18:58:59.304554+00:00,data/raw/Testing/meningioma/Te-me_0045.jpg,1,meningioma,85.85629931152319,66.66379029973135,43.24083709716797
2026-01-22T18:58:59.398781+00:00,data/raw/Testing/meningioma/Te-me_0046.jpg,1,meningioma,99.0165483173819,75.94905337588077,38.667537689208984
2026-01-22T18:58:59.525286+00:00,data/raw/Testing/meningioma/Te-me_0047.jpg,1,meningioma,82.28892366600202,62.896211807594995,49.11647415161133
2026-01-22T18:58:59.673477+00:00,data/raw/Testing/meningioma/Te-me_0048.jpg,1,meningioma,73.14184744862524,70.67873005452412,37.4769172668457
2026-01-22T18:58:59.810955+00:00,data/raw/Testing/meningioma/Te-me_0049.jpg,1,meningioma,79.70733848742775,63.886404328156516,44.72736358642578
2026-01-22T18:58:59.931541+00:00,data/raw/Testing/meningioma/Te-me_0050.jpg,1,meningioma,53.03624516287545,44.39421608495041,23.018226623535156
2026-01-22T18:59:00.031322+00:00,data/raw/Testing/meningioma/Te-me_0051.jpg,1,meningioma,88.92066581306018,43.1738117010711,30.69579315185547
2026-01-22T18:59:00.141067+00:00,data/raw/Testing/meningioma/Te-me_0052.jpg,1,meningioma,46.357235724084276,33.41975225089118,21.135395050048828
2026-01-22T18:59:00.235713+00:00,data/raw/Testing/meningioma/Te-me_0053.jpg,1,meningioma,46.18931840052415,37.079271445186016,22.802051544189453
2026-01-22T18:59:00.322644+00:00,data/raw/Testing/meningioma/Te-me_0054.jpg,1,meningioma,86.62821370675681,67.19951499848074,40.74351119995117
2026-01-22T18:59:00.409953+00:00,data/raw/Testing/meningioma/Te-me_0055.jpg,1,meningioma,84.57302342156356,65.99825983344934,39.250274658203125
2026-01-22T18:59:00.501381+00:00,data/raw/Testing/meningioma/Te-me_0056.jpg,1,meningioma,74.58624169040836,58.76034896229576,57.38772201538086
2026-01-22T18:59:00.595232+00:00,data/raw/Testing/meningioma/Te-me_0057.jpg,1,meningioma,91.70613687409168,53.85041600700641,67.48820495605469
2026-01-22T18:59:00.694550+00:00,data/raw/Testing/meningioma/Te-me_0058.jpg,1,meningioma,38.625918666454766,49.8901766170746,24.594526290893555
2026-01-22T18:59:00.788077+00:00,data/raw/Testing/meningioma/Te-me_0059.jpg,1,meningioma,60.899526375959496,56.21082167809289,40.20857238769531
2026-01-22T18:59:00.883732+00:00,data/raw/Testing/meningioma/Te-me_0060.jpg,1,meningioma,74.61578341013825,49.95511832339823,57.123531341552734
2026-01-22T18:59:00.985709+00:00,data/raw/Testing/meningioma/Te-me_0061.jpg,1,meningioma,72.75870800395256,63.42234123731961,33.696022033691406
2026-01-22T18:59:01.081336+00:00,data/raw/Testing/meningioma/Te-me_0062.jpg,1,meningioma,72.69950274348423,57.78737066992587,52.46366882324219
2026-01-22T18:59:01.175400+00:00,data/raw/Testing/meningioma/Te-me_0063.jpg,1,meningioma,68.99480670264842,57.613235580344856,39.45721435546875
2026-01-22T18:59:01.299032+00:00,data/raw/Testing/meningioma/Te-me_0064.jpg,2,meningioma,67.73715642178911,51.28483778288483,44.13605499267578
2026-01-22T18:59:01.421241+00:00,data/raw/Testing/meningioma/Te-me_0065.jpg,2,meningioma,60.79680998613038,62.217207309596795,70.37423706054688
2026-01-22T18:59:01.529132+00:00,data/raw/Testing/meningioma/Te-me_0066.jpg,1,meningioma,52.589528292298375,60.75372856386286,12.771738052368164
2026-01-22T18:59:01.633767+00:00,data/raw/Testing/meningioma/Te-me_0067.jpg,1,meningioma,48.951993255449835,45.02974928676833,12.487773895263672
2026-01-22T18:59:01.737989+00:00,data/raw/Testing/meningioma/Te-me_0068.jpg,1,meningioma,65.09537463019197,52.42949414081993,15.309635162353516
2026-01-22T18:59:01.831799+00:00,data/raw/Testing/meningioma/Te-me_0069.jpg,1,meningioma,137.76430335097,74.60040837576481,46.468902587890625
2026-01-22T18:59:01.935608+00:00,data/raw/Testing/meningioma/Te-me_0070.jpg,1,meningioma,105.26695443027101,77.50123939030892,62.591819763183594
2026-01-22T18:59:02.033643+00:00,data/raw/Testing/meningioma/Te-me_0071.jpg,1,meningioma,85.01078733434797,51.15508478032936,30.203378677368164
2026-01-22T18:59:02.127225+00:00,data/raw/Testing/meningioma/Te-me_0072.jpg,1,meningioma,74.94417116009208,67.49823575244409,36.31709289550781
2026-01-22T18:59:02.221600+00:00,data/raw/Testing/meningioma/Te-me_0073.jpg,1,meningioma,85.01078733434797,51.15508478032936,30.203378677368164
2026-01-22T18:59:02.308325+00:00,data/raw/Testing/meningioma/Te-me_0074.jpg,1,meningioma,100.94548192094204,76.28131032639077,53.86655807495117
2026-01-22T18:59:02.393311+00:00,data/raw/Testing/meningioma/Te-me_0075.jpg,1,meningioma,57.07102847887704,52.46769583908342,40.8052864074707
2026-01-22T18:59:02.491947+00:00,data/raw/Testing/meningioma/Te-me_0076.jpg,1,meningioma,62.64581744961195,56.50969355356673,30.796932220458984
2026-01-22T18:59:02.589438+00:00,data/raw/Testing/meningioma/Te-me_0077.jpg,1,meningioma,61.73258743980153,53.59381882222529,27.290393829345703
2026-01-22T18:59:02.683221+00:00,data/raw/Testing/meningioma/Te-me_0078.jpg,1,meningioma,73.01457798459563,82.62334336418614,40.585182189941406
2026-01-22T18:59:02.775218+00:00,data/raw/Testing/meningioma/Te-me_0079.jpg,1,meningioma,65.74968344412788,50.97018091251951,48.183048248291016
2026-01-22T18:59:02.867178+00:00,data/raw/Testing/meningioma/Te-me_0080.jpg,1,meningioma,58.898745733111056,51.365466970766626,68.5404052734375
2026-01-22T18:59:02.963066+00:00,data/raw/Testing/meningioma/Te-me_0081.jpg,1,meningioma,78.81461141750351,63.98782176678599,49.35414505004883
2026-01-22T18:59:03.057351+00:00,data/raw/Testing/meningioma/Te-me_0082.jpg,1,meningioma,54.58255952380952,60.3988729905468,35.72846984863281
2026-01-22T18:59:03.149028+00:00,data/raw/Testing/meningioma/Te-me_0083.jpg,1,meningioma,87.42808700686462,47.02020122883783,38.511268615722656
2026-01-22T18:59:03.240852+00:00,data/raw/Testing/meningioma/Te-me_0084.jpg,1,meningioma,104.31976694915254,78.20507520125419,89.91954040527344
2026-01-22T18:59:03.332603+00:00,data/raw/Testing/meningioma/Te-me_0085.jpg,1,meningioma,105.43667750118915,63.519741535228576,51.25697326660156
2026-01-22T18:59:03.427142+00:00,data/raw/Testing/meningioma/Te-me_0086.jpg,1,meningioma,66.94105679012345,48.5918105407067,39.73481750488281
2026-01-22T18:59:03.518907+00:00,data/raw/Testing/meningioma/Te-me_0087.jpg,1,meningioma,55.26763913112415,49.75839912694477,52.94991683959961
2026-01-22T18:59:03.613064+00:00,data/raw/Testing/meningioma/Te-me_0088.jpg,1,meningioma,62.043255813953486,53.35176684366206,53.35773468017578
2026-01-22T18:59:03.707296+00:00,data/raw/Testing/meningioma/Te-me_0089.jpg,1,meningioma,104.10917523934114,60.835062681772165,41.7113037109375
2026-01-22T18:59:03.842776+00:00,data/raw/Testing/meningioma/Te-me_0090.jpg,1,meningioma,116.90158420138889,57.313508314685535,27.09786605834961
2026-01-22T18:59:03.975294+00:00,data/raw/Testing/meningioma/Te-me_0091.jpg,1,meningioma,78.44606321152774,67.85834401857814,56.135597229003906
2026-01-22T18:59:04.075736+00:00,data/raw/Testing/meningioma/Te-me_0092.jpg,1,meningioma,38.3844097603008,34.83950487542768,19.25123405456543
2026-01-22T18:59:04.171456+00:00,data/raw/Testing/meningioma/Te-me_0093.jpg,1,meningioma,52.96049382716049,75.6788044417421,44.95265197753906
2026-01-22T18:59:04.266301+00:00,data/raw/Testing/meningioma/Te-me_0094.jpg,1,meningioma,25.963753086419754,39.05753059318778,25.572582244873047
2026-01-22T18:59:04.357272+00:00,data/raw/Testing/meningioma/Te-me_0095.jpg,1,meningioma,65.07875555555556,52.47263291440479,28.216373443603516
2026-01-22T18:59:04.442508+00:00,data/raw/Testing/meningioma/Te-me_0096.jpg,1,meningioma,62.93909001956947,50.27121687674897,48.88227844238281
2026-01-22T18:59:04.528067+00:00,data/raw/Testing/meningioma/Te-me_0097.jpg,1,meningioma,72.81746636771301,58.421680928823996,59.177982330322266
2026-01-22T18:59:04.622473+00:00,data/raw/Testing/meningioma/Te-me_0098.jpg,1,meningioma,116.50444680851064,62.07905342257496,55.50095748901367
2026-01-22T18:59:04.714483+00:00,data/raw/Testing/meningioma/Te-me_0099.jpg,1,meningioma,61.15100557882825,66.26446140393892,48.1759033203125
2026-01-22T18:59:04.834477+00:00,data/raw/Testing/notumor/Te-noTr_0000.jpg,2,notumor,56.68114406779661,79.74349188456821,28.915145874023438
2026-01-22T18:59:04.966739+00:00,data/raw/Testing/notumor/Te-noTr_0001.jpg,2,notumor,57.08177966101695,47.93644879461561,36.470436096191406
2026-01-22T18:59:05.073639+00:00,data/raw/Testing/notumor/Te-noTr_0002.jpg,2,notumor,29.245408087690713,38.499349303952364,17.62175941467285
2026-01-22T18:59:05.168006+00:00,data/raw/Testing/notumor/Te-noTr_0003.jpg,2,notumor,50.53992277992278,57.317611485056,50.06119155883789
2026-01-22T18:59:05.262166+00:00,data/raw/Testing/notumor/Te-noTr_0004.jpg,2,notumor,29.926339285714285,52.966867666671504,49.13358688354492
2026-01-22T18:59:05.358858+00:00,data/raw/Testing/notumor/Te-noTr_0005.jpg,2,notumor,44.84630083292504,52.992918437216936,32.013877868652344
2026-01-22T18:59:05.451398+00:00,data/raw/Testing/notumor/Te-noTr_0006.jpg,2,notumor,29.40154121761879,32.95952309782944,28.908065795898438
2026-01-22T18:59:05.545253+00:00,data/raw/Testing/notumor/Te-noTr_0007.jpg,2,notumor,54.83596667624246,33.07398782259222,12.892127990722656
2026-01-22T18:59:05.636472+00:00,data/raw/Testing/notumor/Te-noTr_0008.jpg,2,notumor,76.62212016121474,81.49342285062613,40.02808380126953
2026-01-22T18:59:05.729861+00:00,data/raw/Testing/notumor/Te-noTr_0009.jpg,2,notumor,95.44430479747199,82.68889403373262,52.42302703857422
2026-01-22T18:59:05.821257+00:00,data/raw/Testing/notumor/Te-no_0010.jpg,2,notumor,89.49389754138505,76.53116518625646,47.12169647216797
2026-01-22T18:59:05.915634+00:00,data/raw/Testing/notumor/Te-no_0011.jpg,2,notumor,67.9106758115484,83.36019637299962,37.498260498046875
2026-01-22T18:59:06.028723+00:00,data/raw/Testing/notumor/Te-no_0012.jpg,2,notumor,63.23403835104855,83.43949257461438,33.57427978515625
2026-01-22T18:59:06.136113+00:00,data/raw/Testing/notumor/Te-no_0013.jpg,2,notumor,78.34562146892655,54.531234588996945,53.8707160949707
2026-01-22T18:59:06.245161+00:00,data/raw/Testing/notumor/Te-no_0014.jpg,2,notumor,85.11270889378007,60.182567524334665,48.10417938232422
2026-01-22T18:59:06.346999+00:00,data/raw/Testing/notumor/Te-no_0015.jpg,2,notumor,54.35043809250215,46.88969881564707,37.1330451965332
2026-01-22T18:59:06.437935+00:00,data/raw/Testing/notumor/Te-no_0016.jpg,2,notumor,44.073977608459025,57.9595376869681,33.01272964477539
2026-01-22T18:59:06.527911+00:00,data/raw/Testing/notumor/Te-no_0017.jpg,2,notumor,64.31997521586185,42.27987977591364,32.61178970336914
2026-01-22T18:59:06.615947+00:00,data/raw/Testing/notumor/Te-no_0018.jpg,2,notumor,33.64625825912094,35.78269347507101,21.752172470092773
2026-01-22T18:59:06.712901+00:00,data/raw/Testing/notumor/Te-no_0019.jpg,2,notumor,55.09585651442619,45.901450766498165,45.84178161621094
2026-01-22T18:59:06.807816+00:00,data/raw/Testing/notumor/Te-no_0020.jpg,2,notumor,34.48403835104855,40.13310270964369,23.50407600402832
2026-01-22T18:59:06.901371+00:00,data/raw/Testing/notumor/Te-no_0021.jpg,2,notumor,37.68394599750532,46.4456298978129,36.12834930419922
2026-01-22T18:59:06.995046+00:00,data/raw/Testing/notumor/Te-no_0022.jpg,2,notumor,44.38030391583869,42.96505883481499,31.955989837646484
2026-01-22T18:59:07.104309+00:00,data/raw/Testing/notumor/Te-no_0023.jpg,2,notumor,37.03303027462743,44.85565644061468,36.457252502441406
2026-01-22T18:59:07.196640+00:00,data/raw/Testing/notumor/Te-no_0024.jpg,2,notumor,66.43855559645033,40.451353294888335,33.598045349121094
2026-01-22T18:59:07.287675+00:00,data/raw/Testing/notumor/Te-no_0025.jpg,2,notumor,99.86764445232187,62.83269785547186,59.05235290527344
2026-01-22T18:59:07.380082+00:00,data/raw/Testing/notumor/Te-no_0026.jpg,2,notumor,32.38462682129052,38.64711499625743,30.035905838012695
2026-01-22T18:59:07.472710+00:00,data/raw/Testing/notumor/Te-no_0027.jpg,2,notumor,52.82305372019535,44.44846006130039,41.73670196533203
2026-01-22T18:59:07.580816+00:00,data/raw/Testing/notumor/Te-no_0028.jpg,2,notumor,32.38921761998685,41.70963837024836,36.12882614135742
2026-01-22T18:59:07.674412+00:00,data/raw/Testing/notumor/Te-no_0029.jpg,2,notumor,17.430407928756104,33.8204233138591,15.588138580322266
2026-01-22T18:59:07.766576+00:00,data/raw/Testing/notumor/Te-no_0030.jpg,2,notumor,68.33059091208864,67.45457829714567,48.761112213134766
2026-01-22T18:59:07.858602+00:00,data/raw/Testing/notumor/Te-no_0031.jpg,2,notumor,57.08177966101695,47.93644879461561,36.470436096191406
2026-01-22T18:59:07.952125+00:00,data/raw/Testing/notumor/Te-no_0032.jpg,2,notumor,50.46256868131868,60.17077544488479,38.38066864013672
2026-01-22T18:59:08.045499+00:00,data/raw/Testing/notumor/Te-no_0033.jpg,2,notumor,43.11027693325888,46.551819194871946,36.166099548339844
2026-01-22T18:59:08.143988+00:00,data/raw/Testing/notumor/Te-no_0034.jpg,2,notumor,91.23714759535655,76.18778326707667,47.931488037109375
2026-01-22T18:59:08.235526+00:00,data/raw/Testing/notumor/Te-no_0035.jpg,2,notumor,42.27606818328285,38.93142854180566,28.00763702392578
2026-01-22T18:59:08.335341+00:00,data/raw/Testing/notumor/Te-no_0036.jpg,2,notumor,73.77303576558461,79.96454569614671,56.101226806640625
2026-01-22T18:59:08.459591+00:00,data/raw/Testing/notumor/Te-no_0037.jpg,2,notumor,32.30881994563689,38.639424517033234,29.533920288085938
2026-01-22T18:59:08.601647+00:00,data/raw/Testing/notumor/Te-no_0038.jpg,2,notumor,23.875682275208273,24.671296864372728,28.88683319091797
2026-01-22T18:59:08.716000+00:00,data/raw/Testing/notumor/Te-no_0039.jpg,2,notumor,105.70930790960452,75.04545894131837,79.36106872558594
2026-01-22T18:59:08.839659+00:00,data/raw/Testing/notumor/Te-no_0040.jpg,2,notumor,56.096775351910374,70.87009060630726,37.297096252441406
2026-01-22T18:59:08.961012+00:00,data/raw/Testing/notumor/Te-no_0041.jpg,2,notumor,40.57560966047205,55.456171128966155,36.317535400390625
2026-01-22T18:59:09.072943+00:00,data/raw/Testing/notumor/Te-no_0042.jpg,2,notumor,79.79215811965813,77.02539337666313,50.57709503173828
2026-01-22T18:59:09.188409+00:00,data/raw/Testing/notumor/Te-no_0043.jpg,2,notumor,82.44946432641896,78.8984079374994,49.37884521484375
2026-01-22T18:59:09.309489+00:00,data/raw/Testing/notumor/Te-no_0044.jpg,2,notumor,63.23403835104855,83.43949257461438,33.57427978515625
2026-01-22T18:59:09.410806+00:00,data/raw/Testing/notumor/Te-no_0045.jpg,2,notumor,53.58510027685867,41.99629351756,29.925687789916992
2026-01-22T18:59:09.526038+00:00,data/raw/Testing/notumor/Te-no_0046.jpg,2,notumor,32.198002986188875,38.623158641803784,29.514652252197266
2026-01-22T18:59:09.619850+00:00,data/raw/Testing/notumor/Te-no_0047.jpg,2,notumor,40.57361013094958,55.450819947042326,36.29745864868164
2026-01-22T18:59:09.711784+00:00,data/raw/Testing/notumor/Te-no_0048.jpg,2,notumor,67.9106758115484,83.36019637299962,37.498260498046875
2026-01-22T18:59:09.805919+00:00,data/raw/Testing/notumor/Te-no_0049.jpg,2,notumor,37.02029358353511,42.11607349797906,41.28262710571289
2026-01-22T18:59:09.899390+00:00,data/raw/Testing/notumor/Te-no_0050.jpg,2,notumor,53.58510027685867,41.99629351756,29.925687789916992
2026-01-22T18:59:09.991816+00:00,data/raw/Testing/notumor/Te-no_0051.jpg,2,notumor,85.1110882562668,80.34000183142881,45.7525634765625
2026-01-22T18:59:10.083568+00:00,data/raw/Testing/notumor/Te-no_0052.jpg,2,notumor,56.096775351910374,70.87009060630726,37.297096252441406
2026-01-22T18:59:10.175470+00:00,data/raw/Testing/notumor/Te-no_0053.jpg,2,notumor,67.9106758115484,83.36019637299962,37.498260498046875
2026-01-22T18:59:10.272880+00:00,data/raw/Testing/notumor/Te-no_0054.jpg,2,notumor,53.58510027685867,41.99629351756,29.925687789916992
2026-01-22T18:59:10.364478+00:00,data/raw/Testing/notumor/Te-no_0055.jpg,2,notumor,63.23403835104855,83.43949257461438,33.57427978515625
2026-01-22T18:59:10.460140+00:00,data/raw/Testing/notumor/Te-no_0056.jpg,2,notumor,61.50788207411663,81.78614299196961,35.46389389038086
2026-01-22T18:59:10.585801+00:00,data/raw/Testing/notumor/Te-no_0057.jpg,2,notumor,92.20701612903225,76.01192027145859,48.473670959472656
2026-01-22T18:59:10.708981+00:00,data/raw/Testing/notumor/Te-no_0058.jpg,2,notumor,79.62388681413387,89.39518130860486,36.78741455078125
2026-01-22T18:59:10.825847+00:00,data/raw/Testing/notumor/Te-no_0059.jpg,2,notumor,80.18454106280193,77.02208519317966,50.892967224121094
2026-01-22T18:59:10.916053+00:00,data/raw/Testing/notumor/Te-no_0060.jpg,2,notumor,32.03316919074607,38.5848820232342,29.295028686523438
2026-01-22T18:59:11.009002+00:00,data/raw/Testing/notumor/Te-no_0061.jpg,2,notumor,63.23403835104855,83.43949257461438,33.57427978515625
2026-01-22T18:59:11.101137+00:00,data/raw/Testing/notumor/Te-no_0062.jpg,2,notumor,55.09585651442619,45.901450766498165,45.84178161621094
2026-01-22T18:59:11.193603+00:00,data/raw/Testing/notumor/Te-no_0063.jpg,2,notumor,93.29965020576131,75.43523196822467,48.11602783203125
2026-01-22T18:59:11.289128+00:00,data/raw/Testing/notumor/Te-no_0064.jpg,2,notumor,32.75185185185185,38.730638441942865,29.974567413330078
2026-01-22T18:59:11.380670+00:00,data/raw/Testing/notumor/Te-no_0065.jpg,2,notumor,68.33059091208864,67.45457829714567,48.761112213134766
2026-01-22T18:59:11.596577+00:00,data/raw/Testing/notumor/Te-no_0066.jpg,2,notumor,77.57939221272555,81.59292334737943,40.533599853515625
2026-01-22T18:59:11.730769+00:00,data/raw/Testing/notumor/Te-no_0067.jpg,2,notumor,57.08177966101695,47.93644879461561,36.470436096191406
2026-01-22T18:59:11.834509+00:00,data/raw/Testing/notumor/Te-no_0068.jpg,2,notumor,67.9106758115484,83.36019637299962,37.498260498046875
2026-01-22T18:59:11.929879+00:00,data/raw/Testing/notumor/Te-no_0069.jpg,2,notumor,17.430407928756104,33.8204233138591,15.588138580322266
2026-01-22T18:59:12.028404+00:00,data/raw/Testing/notumor/Te-no_0070.jpg,2,notumor,33.64625825912094,35.78269347507101,21.752172470092773
2026-01-22T18:59:12.127810+00:00,data/raw/Testing/notumor/Te-no_0071.jpg,2,notumor,32.38812893799653,41.71294590817593,36.28392028808594
2026-01-22T18:59:12.219527+00:00,data/raw/Testing/notumor/Te-no_0072.jpg,2,notumor,37.68394599750532,46.4456298978129,36.12834930419922
2026-01-22T18:59:12.314253+00:00,data/raw/Testing/notumor/Te-no_0073.jpg,2,notumor,55.09585651442619,45.901450766498165,45.84178161621094
2026-01-22T18:59:12.419271+00:00,data/raw/Testing/notumor/Te-no_0074.jpg,2,notumor,64.62197766888907,42.15004004417723,32.758033752441406
2026-01-22T18:59:12.515596+00:00,data/raw/Testing/notumor/Te-no_0075.jpg,2,notumor,44.38030391583869,42.96505883481499,31.955989837646484
2026-01-22T18:59:12.608756+00:00,data/raw/Testing/notumor/Te-no_0076.jpg,2,notumor,36.75047849112701,44.79398523842728,36.10270309448242
2026-01-22T18:59:12.706437+00:00,data/raw/Testing/notumor/Te-no_0077.jpg,2,notumor,40.57361013094958,55.450819947042326,36.29745864868164
2026-01-22T18:59:12.840016+00:00,data/raw/Testing/notumor/Te-no_0078.jpg,2,notumor,77.56916328003342,81.5910660936727,40.54356384277344
2026-01-22T18:59:12.963526+00:00,data/raw/Testing/notumor/Te-no_0079.jpg,2,notumor,66.12501017501017,40.60839142668946,33.4686393737793
2026-01-22T18:59:13.077090+00:00,data/raw/Testing/notumor/Te-no_0080.jpg,2,notumor,43.67768595041322,43.06057215114562,54.40618133544922
2026-01-22T18:59:13.171237+00:00,data/raw/Testing/notumor/Te-no_0081.jpg,2,notumor,42.27606818328285,38.93142854180566,28.00763702392578
2026-01-22T18:59:13.275772+00:00,data/raw/Testing/notumor/Te-no_0082.jpg,2,notumor,39.52377136752137,55.074930639839536,35.37019348144531
2026-01-22T18:59:13.369639+00:00,data/raw/Testing/notumor/Te-no_0083.jpg,2,notumor,41.139133012485175,56.035916198395284,43.933353424072266
2026-01-22T18:59:13.493706+00:00,data/raw/Testing/notumor/Te-no_0084.jpg,2,notumor,57.08177966101695,47.93644879461561,36.470436096191406
2026-01-22T18:59:13.600016+00:00,data/raw/Testing/notumor/Te-no_0085.jpg,2,notumor,70.53066647515082,69.69965262528603,62.25330352783203
2026-01-22T18:59:13.701989+00:00,data/raw/Testing/notumor/Te-no_0086.jpg,2,notumor,77.19850617638609,80.13687216176668,44.96848678588867
2026-01-22T18:59:13.793861+00:00,data/raw/Testing/notumor/Te-no_0087.jpg,2,notumor,67.9106758115484,83.36019637299962,37.498260498046875
2026-01-22T18:59:13.893219+00:00,data/raw/Testing/notumor/Te-no_0088.jpg,2,notumor,54.83596667624246,33.07398782259222,12.892127990722656
2026-01-22T18:59:13.988911+00:00,data/raw/Testing/notumor/Te-no_0089.jpg,2,notumor,61.3633066729397,53.575691660250854,50.87132263183594
2026-01-22T18:59:14.091040+00:00,data/raw/Testing/notumor/Te-no_0090.jpg,2,notumor,108.84586073867949,85.48271478978873,54.64433670043945
2026-01-22T18:59:14.183913+00:00,data/raw/Testing/notumor/Te-no_0091.jpg,2,notumor,43.75650269541779,47.9251111823326,27.22498321533203
2026-01-22T18:59:14.276933+00:00,data/raw/Testing/notumor/Te-no_0092.jpg,2,notumor,75.21713276836158,82.97396697259215,53.307220458984375
2026-01-22T18:59:14.369210+00:00,data/raw/Testing/notumor/Te-no_0093.jpg,2,notumor,41.139133012485175,56.035916198395284,43.933353424072266
2026-01-22T18:59:14.468354+00:00,data/raw/Testing/notumor/Te-no_0094.jpg,2,notumor,95.08364272262577,75.59949569355338,65.47074127197266
2026-01-22T18:59:14.561843+00:00,data/raw/Testing/notumor/Te-no_0095.jpg,2,notumor,29.102132095776163,42.05139084718497,30.849239349365234
2026-01-22T18:59:14.658645+00:00,data/raw/Testing/notumor/Te-no_0096.jpg,2,notumor,33.54946495259983,58.109498350530146,26.863956451416016
2026-01-22T18:59:14.752094+00:00,data/raw/Testing/notumor/Te-no_0097.jpg,2,notumor,45.62655817174515,36.24296648361864,27.593759536743164
2026-01-22T18:59:14.843385+00:00,data/raw/Testing/notumor/Te-no_0098.jpg,2,notumor,43.70288710140764,55.44460055346045,43.878929138183594
2026-01-22T18:59:14.933733+00:00,data/raw/Testing/notumor/Te-no_0099.jpg,2,notumor,43.01368025751073,46.53753715037527,35.86204147338867
2026-01-22T18:59:15.086393+00:00,data/raw/Testing/pituitary/Te-piTr_0000.jpg,3,pituitary,47.193092346191406,47.28339493778365,24.1029052734375
2026-01-22T18:59:15.208902+00:00,data/raw/Testing/pituitary/Te-piTr_0001.jpg,3,pituitary,53.69825744628906,43.666013666546014,26.65990447998047
2026-01-22T18:59:15.308170+00:00,data/raw/Testing/pituitary/Te-piTr_0002.jpg,1,pituitary,45.484920501708984,50.99620133224329,23.850353240966797
2026-01-22T18:59:15.405988+00:00,data/raw/Testing/pituitary/Te-piTr_0003.jpg,3,pituitary,61.78535079956055,42.920596904538655,23.600994110107422
2026-01-22T18:59:15.501382+00:00,data/raw/Testing/pituitary/Te-piTr_0004.jpg,3,pituitary,51.48847579956055,36.993384990919104,20.423789978027344
2026-01-22T18:59:15.596402+00:00,data/raw/Testing/pituitary/Te-piTr_0005.jpg,3,pituitary,52.577842712402344,40.82431759011593,23.56317901611328
2026-01-22T18:59:15.690659+00:00,data/raw/Testing/pituitary/Te-piTr_0006.jpg,3,pituitary,40.64469528198242,35.904128716698516,18.084598541259766
2026-01-22T18:59:15.787519+00:00,data/raw/Testing/pituitary/Te-piTr_0007.jpg,3,pituitary,50.708702087402344,38.49280787623858,27.93942642211914
2026-01-22T18:59:15.883084+00:00,data/raw/Testing/pituitary/Te-piTr_0008.jpg,3,pituitary,51.99295425415039,42.264863327931224,24.499832153320312
2026-01-22T18:59:15.978509+00:00,data/raw/Testing/pituitary/Te-piTr_0009.jpg,3,pituitary,29.040977478027344,30.804798197106543,18.940277099609375
2026-01-22T18:59:16.095587+00:00,data/raw/Testing/pituitary/Te-pi_0010.jpg,3,pituitary,44.281097412109375,51.349392506940326,21.479110717773438
2026-01-22T18:59:16.210303+00:00,data/raw/Testing/pituitary/Te-pi_0011.jpg,3,pituitary,43.36200714111328,44.87677611536932,26.412155151367188
2026-01-22T18:59:16.311822+00:00,data/raw/Testing/pituitary/Te-pi_0012.jpg,3,pituitary,30.366138458251953,37.004463579425384,16.621299743652344
2026-01-22T18:59:16.408835+00:00,data/raw/Testing/pituitary/Te-pi_0013.jpg,3,pituitary,33.789329528808594,37.737409273656176,16.047504425048828
2026-01-22T18:59:16.507690+00:00,data/raw/Testing/pituitary/Te-pi_0014.jpg,3,pituitary,44.87684631347656,43.897873705175186,23.939559936523438
2026-01-22T18:59:16.608777+00:00,data/raw/Testing/pituitary/Te-pi_0015.jpg,3,pituitary,45.06573486328125,45.097317529011804,23.783329010009766
2026-01-22T18:59:16.745537+00:00,data/raw/Testing/pituitary/Te-pi_0016.jpg,3,pituitary,40.57395935058594,46.09486980880022,21.5294189453125
2026-01-22T18:59:16.840650+00:00,data/raw/Testing/pituitary/Te-pi_0017.jpg,3,pituitary,40.059200286865234,49.70922124468495,24.361759185791016
2026-01-22T18:59:16.937916+00:00,data/raw/Testing/pituitary/Te-pi_0018.jpg,3,pituitary,39.25107192993164,47.23321066175772,21.403553009033203
2026-01-22T18:59:17.026558+00:00,data/raw/Testing/pituitary/Te-pi_0019.jpg,3,pituitary,36.28303527832031,44.426353544503364,20.277114868164062
2026-01-22T18:59:17.113701+00:00,data/raw/Testing/pituitary/Te-pi_0020.jpg,3,pituitary,47.48392868041992,49.63356272012192,28.64203643798828
2026-01-22T18:59:17.223949+00:00,data/raw/Testing/pituitary/Te-pi_0021.jpg,3,pituitary,39.254844665527344,39.318208014908066,23.473602294921875
2026-01-22T18:59:17.318822+00:00,data/raw/Testing/pituitary/Te-pi_0022.jpg,3,pituitary,40.732879638671875,38.97245995642114,21.00478744506836
2026-01-22T18:59:17.413119+00:00,data/raw/Testing/pituitary/Te-pi_0023.jpg,3,pituitary,39.361671447753906,44.709300875948905,22.306041717529297
2026-01-22T18:59:17.515844+00:00,data/raw/Testing/pituitary/Te-pi_0024.jpg,3,pituitary,41.43158721923828,44.805033130494714,21.368072509765625
2026-01-22T18:59:17.609946+00:00,data/raw/Testing/pituitary/Te-pi_0025.jpg,3,pituitary,49.389652252197266,51.02008767938423,21.255516052246094
2026-01-22T18:59:17.705670+00:00,data/raw/Testing/pituitary/Te-pi_0026.jpg,3,pituitary,46.346004486083984,38.550566094696165,26.184219360351562
2026-01-22T18:59:17.800491+00:00,data/raw/Testing/pituitary/Te-pi_0027.jpg,3,pituitary,44.1837272644043,42.091687176123,24.53675079345703
2026-01-22T18:59:17.950949+00:00,data/raw/Testing/pituitary/Te-pi_0028.jpg,3,pituitary,41.33998489379883,45.56863826000142,22.608123779296875
2026-01-22T18:59:18.055712+00:00,data/raw/Testing/pituitary/Te-pi_0029.jpg,3,pituitary,35.79811096191406,46.316424337633435,18.497772216796875
2026-01-22T18:59:18.150520+00:00,data/raw/Testing/pituitary/Te-pi_0030.jpg,3,pituitary,45.55565643310547,36.90430932934268,23.875988006591797
2026-01-22T18:59:18.250699+00:00,data/raw/Testing/pituitary/Te-pi_0031.jpg,3,pituitary,39.350955963134766,44.305960263316344,24.75900650024414
2026-01-22T18:59:18.347305+00:00,data/raw/Testing/pituitary/Te-pi_0032.jpg,3,pituitary,40.49781799316406,44.09177177428221,23.91698455810547
2026-01-22T18:59:18.441703+00:00,data/raw/Testing/pituitary/Te-pi_0033.jpg,3,pituitary,47.40497970581055,50.12080982757671,23.142410278320312
2026-01-22T18:59:18.539188+00:00,data/raw/Testing/pituitary/Te-pi_0034.jpg,3,pituitary,42.195770263671875,43.864482915484444,23.66248321533203
2026-01-22T18:59:18.632018+00:00,data/raw/Testing/pituitary/Te-pi_0035.jpg,3,pituitary,41.05221939086914,47.415874881396775,22.63611602783203
2026-01-22T18:59:18.730227+00:00,data/raw/Testing/pituitary/Te-pi_0036.jpg,3,pituitary,40.9956169128418,38.88063209501779,22.487998962402344
2026-01-22T18:59:18.824188+00:00,data/raw/Testing/pituitary/Te-pi_0037.jpg,3,pituitary,45.287841796875,40.66429695919285,24.546077728271484
2026-01-22T18:59:18.920671+00:00,data/raw/Testing/pituitary/Te-pi_0038.jpg,3,pituitary,37.46855926513672,39.79269347026993,20.64999008178711
2026-01-22T18:59:19.014570+00:00,data/raw/Testing/pituitary/Te-pi_0039.jpg,3,pituitary,40.52647018432617,42.127191970954605,19.793109893798828
2026-01-22T18:59:19.104414+00:00,data/raw/Testing/pituitary/Te-pi_0040.jpg,3,pituitary,41.311912536621094,47.87363601851206,18.7481689453125
2026-01-22T18:59:19.191667+00:00,data/raw/Testing/pituitary/Te-pi_0041.jpg,3,pituitary,39.99736022949219,46.7170611603129,18.878677368164062
2026-01-22T18:59:19.279006+00:00,data/raw/Testing/pituitary/Te-pi_0042.jpg,3,pituitary,51.570640563964844,46.001779848496845,25.778949737548828
2026-01-22T18:59:19.374151+00:00,data/raw/Testing/pituitary/Te-pi_0043.jpg,2,pituitary,28.593982696533203,35.641451308946806,19.127586364746094
2026-01-22T18:59:19.468801+00:00,data/raw/Testing/pituitary/Te-pi_0044.jpg,3,pituitary,35.44198989868164,40.654196325785705,19.87103271484375
2026-01-22T18:59:19.564961+00:00,data/raw/Testing/pituitary/Te-pi_0045.jpg,3,pituitary,46.92936706542969,35.24186840879263,25.935882568359375
2026-01-22T18:59:19.660074+00:00,data/raw/Testing/pituitary/Te-pi_0046.jpg,3,pituitary,57.65336608886719,39.8193052728156,30.022136688232422
2026-01-22T18:59:19.754428+00:00,data/raw/Testing/pituitary/Te-pi_0047.jpg,3,pituitary,63.695518493652344,40.55993178197883,27.79886245727539
2026-01-22T18:59:19.847858+00:00,data/raw/Testing/pituitary/Te-pi_0048.jpg,3,pituitary,43.642276763916016,37.158258690391285,24.185527801513672
2026-01-22T18:59:19.942050+00:00,data/raw/Testing/pituitary/Te-pi_0049.jpg,3,pituitary,32.80568313598633,24.28851725642564,17.81856918334961
2026-01-22T18:59:20.035781+00:00,data/raw/Testing/pituitary/Te-pi_0050.jpg,3,pituitary,51.64603042602539,44.35569974488428,27.12386703491211
2026-01-22T18:59:20.130827+00:00,data/raw/Testing/pituitary/Te-pi_0051.jpg,3,pituitary,44.76416015625,31.810279240316465,21.171451568603516
2026-01-22T18:59:20.223789+00:00,data/raw/Testing/pituitary/Te-pi_0052.jpg,3,pituitary,42.915897369384766,36.18344303188698,23.55691146850586
2026-01-22T18:59:20.337411+00:00,data/raw/Testing/pituitary/Te-pi_0053.jpg,3,pituitary,49.463993072509766,46.93142153418575,29.773719787597656
2026-01-22T18:59:20.457898+00:00,data/raw/Testing/pituitary/Te-pi_0054.jpg,3,pituitary,49.599853515625,43.536600269518736,27.34402847290039
2026-01-22T18:59:20.596110+00:00,data/raw/Testing/pituitary/Te-pi_0055.jpg,3,pituitary,51.81737518310547,37.23526995055898,26.16008758544922
2026-01-22T18:59:20.710933+00:00,data/raw/Testing/pituitary/Te-pi_0056.jpg,3,pituitary,47.5931282043457,41.89729523867567,25.06295394897461
2026-01-22T18:59:20.822749+00:00,data/raw/Testing/pituitary/Te-pi_0057.jpg,3,pituitary,47.1566162109375,42.33865075586745,25.431873321533203
2026-01-22T18:59:20.945220+00:00,data/raw/Testing/pituitary/Te-pi_0058.jpg,3,pituitary,41.175601959228516,45.522737858694065,21.751544952392578
2026-01-22T18:59:21.056815+00:00,data/raw/Testing/pituitary/Te-pi_0059.jpg,3,pituitary,45.979026794433594,47.33854326133838,26.13268280029297
2026-01-22T18:59:21.166603+00:00,data/raw/Testing/pituitary/Te-pi_0060.jpg,3,pituitary,35.620784759521484,34.45144983306179,20.294960021972656
2026-01-22T18:59:21.284049+00:00,data/raw/Testing/pituitary/Te-pi_0061.jpg,3,pituitary,45.5465087890625,42.210905732554686,24.735755920410156
2026-01-22T18:59:21.385943+00:00,data/raw/Testing/pituitary/Te-pi_0062.jpg,3,pituitary,34.460227966308594,35.452247166224076,19.044757843017578
2026-01-22T18:59:21.493940+00:00,data/raw/Testing/pituitary/Te-pi_0063.jpg,3,pituitary,45.96116638183594,39.22885518011063,43.51152038574219
2026-01-22T18:59:21.602945+00:00,data/raw/Testing/pituitary/Te-pi_0064.jpg,3,pituitary,41.75058364868164,43.14605974485838,18.708751678466797
2026-01-22T18:59:21.704438+00:00,data/raw/Testing/pituitary/Te-pi_0065.jpg,3,pituitary,43.75001907348633,37.872326419746784,24.596717834472656
2026-01-22T18:59:21.809985+00:00,data/raw/Testing/pituitary/Te-pi_0066.jpg,3,pituitary,41.99988555908203,38.7651923144949,24.62997055053711
2026-01-22T18:59:21.916381+00:00,data/raw/Testing/pituitary/Te-pi_0067.jpg,3,pituitary,45.8641242980957,39.49386680615329,26.54439926147461
2026-01-22T18:59:22.017192+00:00,data/raw/Testing/pituitary/Te-pi_0068.jpg,3,pituitary,46.330589294433594,37.74446087906693,25.334228515625
2026-01-22T18:59:22.111762+00:00,data/raw/Testing/pituitary/Te-pi_0069.jpg,3,pituitary,60.190059661865234,45.31536871548968,29.991317749023438
2026-01-22T18:59:22.212657+00:00,data/raw/Testing/pituitary/Te-pi_0070.jpg,3,pituitary,52.679908752441406,44.13935783334873,27.785877227783203
2026-01-22T18:59:22.307189+00:00,data/raw/Testing/pituitary/Te-pi_0071.jpg,3,pituitary,54.99270248413086,44.943948764856536,28.37061309814453
2026-01-22T18:59:22.402825+00:00,data/raw/Testing/pituitary/Te-pi_0072.jpg,3,pituitary,40.28821563720703,45.6616786794472,18.847087860107422
2026-01-22T18:59:22.514211+00:00,data/raw/Testing/pituitary/Te-pi_0073.jpg,3,pituitary,53.98991012573242,40.11878488065348,27.374446868896484
2026-01-22T18:59:22.618557+00:00,data/raw/Testing/pituitary/Te-pi_0074.jpg,3,pituitary,51.45671463012695,43.62025626291841,26.273597717285156
2026-01-22T18:59:22.724267+00:00,data/raw/Testing/pituitary/Te-pi_0075.jpg,3,pituitary,41.35308837890625,35.3490018787135,20.64395523071289
2026-01-22T18:59:22.822680+00:00,data/raw/Testing/pituitary/Te-pi_0076.jpg,3,pituitary,47.660850524902344,36.97282904785619,24.63983917236328
2026-01-22T18:59:22.927322+00:00,data/raw/Testing/pituitary/Te-pi_0077.jpg,3,pituitary,52.043426513671875,44.60674391734328,26.657855987548828
2026-01-22T18:59:23.035646+00:00,data/raw/Testing/pituitary/Te-pi_0078.jpg,3,pituitary,34.33694076538086,39.28185675531998,22.258033752441406
2026-01-22T18:59:23.130853+00:00,data/raw/Testing/pituitary/Te-pi_0079.jpg,3,pituitary,34.21566390991211,37.121220068902495,20.69586944580078
2026-01-22T18:59:23.222013+00:00,data/raw/Testing/pituitary/Te-pi_0080.jpg,3,pituitary,44.327030181884766,37.604749281695646,24.116287231445312
2026-01-22T18:59:23.308286+00:00,data/raw/Testing/pituitary/Te-pi_0081.jpg,3,pituitary,53.324302673339844,44.730450317710705,28.008441925048828
2026-01-22T18:59:23.396848+00:00,data/raw/Testing/pituitary/Te-pi_0082.jpg,3,pituitary,51.834999084472656,45.36466408491559,28.88001251220703
2026-01-22T18:59:23.501328+00:00,data/raw/Testing/pituitary/Te-pi_0083.jpg,3,pituitary,45.425926208496094,36.722704326797775,24.960041046142578
2026-01-22T18:59:23.596077+00:00,data/raw/Testing/pituitary/Te-pi_0084.jpg,3,pituitary,48.749935150146484,48.493322581279074,27.15906524658203
2026-01-22T18:59:23.691800+00:00,data/raw/Testing/pituitary/Te-pi_0085.jpg,3,pituitary,52.07786560058594,42.47927138252191,25.897411346435547
2026-01-22T18:59:23.787746+00:00,data/raw/Testing/pituitary/Te-pi_0086.jpg,3,pituitary,44.58974075317383,42.2427961019716,22.366485595703125
2026-01-22T18:59:23.881649+00:00,data/raw/Testing/pituitary/Te-pi_0087.jpg,3,pituitary,46.96126174926758,41.446897686179405,25.163349151611328
2026-01-22T18:59:23.976654+00:00,data/raw/Testing/pituitary/Te-pi_0088.jpg,3,pituitary,51.90696716308594,42.1618161435337,26.306964874267578
2026-01-22T18:59:24.071046+00:00,data/raw/Testing/pituitary/Te-pi_0089.jpg,3,pituitary,50.596031188964844,34.58566939708606,26.157318115234375
2026-01-22T18:59:24.164154+00:00,data/raw/Testing/pituitary/Te-pi_0090.jpg,3,pituitary,53.314998626708984,37.56507080158782,28.572566986083984
2026-01-22T18:59:24.258271+00:00,data/raw/Testing/pituitary/Te-pi_0091.jpg,3,pituitary,54.104949951171875,37.46014537708443,28.923843383789062
2026-01-22T18:59:24.352049+00:00,data/raw/Testing/pituitary/Te-pi_0092.jpg,3,pituitary,40.29710006713867,27.910102259194783,21.356510162353516
2026-01-22T18:59:24.446497+00:00,data/raw/Testing/pituitary/Te-pi_0093.jpg,3,pituitary,54.829280853271484,42.011792607571536,24.446670532226562
2026-01-22T18:59:24.541856+00:00,data/raw/Testing/pituitary/Te-pi_0094.jpg,3,pituitary,37.88438415527344,38.22919650921426,21.17801284790039
2026-01-22T18:59:24.635561+00:00,data/raw/Testing/pituitary/Te-pi_0095.jpg,3,pituitary,50.21354675292969,36.93514607748655,27.224185943603516
2026-01-22T18:59:24.729624+00:00,data/raw/Testing/pituitary/Te-pi_0096.jpg,3,pituitary,47.16815948486328,35.56984487049787,25.638526916503906
2026-01-22T18:59:24.823644+00:00,data/raw/Testing/pituitary/Te-pi_0097.jpg,3,pituitary,49.25810623168945,35.205974344644,25.41501235961914
2026-01-22T18:59:24.918594+00:00,data/raw/Testing/pituitary/Te-pi_0098.jpg,3,pituitary,50.64832305908203,40.409772840153416,27.54770278930664
2026-01-22T18:59:25.009895+00:00,data/raw/Testing/pituitary/Te-pi_0099.jpg,3,pituitary,60.575469970703125,38.027829214432394,57.88714599609375
